9c298d589a2158eb513cb52191144518a2acab2cb0c04f1df14fca0f712fa4a1,
24a5341c9a6e30357187cbeaebee0a02714ee3b3d6cead951a613e96ffb746dc,
112bda3b495d867b6a98c899fac7c25eb60ca4b6e6fe5ec7ab9299f93e8274bc,
ac57d54dcc34f2ebf6f410f6d7fab436eb84f8f6b640782134b3d8062ebf71d0,
b0ee7d55777f5c87f96119c62e8691d73f0e416974b0701413e3611c1a4f42ad,
9c1c2cc323ebda75a7a55810b9bc4890bc395841567bdc56577cc5f4de163e56,
fe4a9e254932feb58a1bb94c5b5b3dba7783f67dbb0665d6b4a6470589339c99,
2603148069803e940d5befeda601099fe34b738ca5ff7cf8833c8377aeb188e5,
b37f250ed5a197972233b6ecbac3390a1fa53447afc1a456f4e0e1db0ce47fc6,
ae50e8f05e685737d9459f43bb8ddf0bb5b3097754be487f7fcdf665d69bcbcf,
86d835c7c1633e7e42c1041c04ac1a394f25e0e3042dc9fe22e9b1327e734af7,
99350a05fbede97dbf49c93a40572af0b4cc46138fe55c37243fa294bc2b3ffc,
cae3cdd5c530ce5f898299c626424fdd70e9ebd510ddcd8dd780b59120113969,
bc23cbc399263de77c535ebd195420714d6cc273a8ff6854c70f85c8d3d568e6,
f1f6787e94495193a1dd9ece4a2f7e9547c43c7ca2ac1bae5261e08871c2ff2a,
91e9f3b07b7ce05c7b414445046e7984c5037f9275a5c9ae450a43303c0e5113,
91e9f3b07b7ce05c7b414445046e7984c5037f9275a5c9ae450a43303c0e5113,
1c8a8c162ad13b4066ebb40dc03ede26ca619d817b15114fc320e406809f1ee2,
6658aab2c8f8ad0e8999ba44ce42637e915d4e209e0428514a071f21d0c0c7c1,
5b4e023aa9d64a21dae86b6eb368e607484c9bcdf05b02e793237dfa62ee99e0,
2413f209a3d3cb7c9536c4840d6c6f19571865b8eaf28a599b0cc7d7ec8a2db1,
6edbabdd25f7ea0eb13398118a32694314f8b964b409c85043a39870e226ba35,
6f612b40646e82c1cda0a60e6198671245d643cce72495c30f76fc1fc784527d,
ac57d54dcc34f2ebf6f410f6d7fab436eb84f8f6b640782134b3d8062ebf71d0,
e9f78b2586559abe51053dff82e32ba0ee88fa737cbd374e7729516182bcbdca,
2ea8a0ffbb99899b5f3859ac9b6850b8bb96c6c4d9b2533a518a1e5834a03c4c,
7a40172007de7f911ec7d81450b945b81d5f54d719535f17c976092d63621a14,
4761b1c00b14868a05ff8847f74b14efbe33d22a8d04a3ef8575c5c41b563208,
bc46c236676b7ca9559175028455c5f7dcdb17e781d1748b5b2053f492e3dde6,
43289f436724935c0ad649711d656463770bd0c77b8fb5c67b52be9b8a776e24,
d78caa6e9b8352ddb990026588bac33f64c9f9ab24ca395e56c977cf04c53ec4,
96768675c6178127fcdca41c26bab8793db9a864be4b16a2be3b74e0355b0a28,
82a5a195d4e701b9ba4b7cf4bdf6bba48f934a37629872848420eb977da0aa43,
82a5a195d4e701b9ba4b7cf4bdf6bba48f934a37629872848420eb977da0aa43,
5851fa4dc80a7948f0fc62b33a879fc86293fe44b52c7d8da3dce397a4f7ee54,
8ab30702ba1065d0b7577f66619eccc1d2fdbdc140b1df06f9c6991d7b98517d,
e6d2b57f08f0605a7eece3c0ec3f5b70e01fe8a4d4c04fa41a439a8273753e88,
f4827abebccf7d20230743bf727733af36643d44b52e1f33bfef08a232c32cb6,
4a903708d90965cfceb1af09ab2b44b444aaef263e83a9943117e66d13577c10,
96768675c6178127fcdca41c26bab8793db9a864be4b16a2be3b74e0355b0a28,
1629a3d32e42bbd43b4e26d68a5f98176ad7d24160fb4556454afe69de173652,
0ff713cccbb9fd3d7f29ea64731792f0e12a21a42ad54743ebe94b5cf25c34ed,
e1b76192704cd73da77382c436fade497f60f6d6aab87a68a3447bd6391bd55d,
9b582e991415fb5ddcb978d0e050339381cc065e5aaff61fe4dec327568a9b69,
134ed8de13ee5d54ec383ce31a4d3b77f982c73fd342d17408da0c6354d599f2,
134ed8de13ee5d54ec383ce31a4d3b77f982c73fd342d17408da0c6354d599f2,
96768675c6178127fcdca41c26bab8793db9a864be4b16a2be3b74e0355b0a28,
4f8c957bd23dd99ebc65aeba548ce903373023c8ac642e91e7a14058bdfe48af,
4f8c957bd23dd99ebc65aeba548ce903373023c8ac642e91e7a14058bdfe48af,
0a80c122b370d7d78bc552a787b3eb8615014ac6e255ec66222cd54d1cf59e3b,
56e477eece92e727e70afb7d1e4fbfc81e10db915fc2a22525878371aa1dfd36,
a68d67fc56ef3ceaa81c72b11ed9c87df768f2bbd7875ded1691e9a608355192,
7d7431b83548bf6605c3f3ccfb4869e8050aef448612690720ca9ae43b59bf69,
7d7431b83548bf6605c3f3ccfb4869e8050aef448612690720ca9ae43b59bf69,
38f8cfb8d37bc7def0e5c846b750638573bd1f2ee9a228731c65c5736fa79c29,
8ef865472ae77551944a9970a5cdf90c9299cdf58691042b91d3d744f80a202a,
ab5efe2bdea323a39a7e579a93686e876618c0a21d311a50cedd860965af79dd,
5560a3bb05b63f92c385826ede6fabc5a7e1fb1d34d5cd701f6e16a9923f20cd,
ac57d54dcc34f2ebf6f410f6d7fab436eb84f8f6b640782134b3d8062ebf71d0,
c4e6c2b2e1598419542e51a997584e8c457cf6946de62ac824f350930afce9c9,
8d293dee86c013f042f775bf402926e1a104091b1a8fa192c55678a79b411ac8,
ac57d54dcc34f2ebf6f410f6d7fab436eb84f8f6b640782134b3d8062ebf71d0,
ac57d54dcc34f2ebf6f410f6d7fab436eb84f8f6b640782134b3d8062ebf71d0,
5fd3f8268adbadd998745e16fcbdcc8a48e8e4130e769e96328e963d4454b593,
a739f2a065faf4e378c0fee1d3aca852c2e581842068607d7ea4adc7ab8c07f7,
135f6fda9506472e4902d430bfa41564e1c81e5f24273989db8530acc1e3652f,
a5d1b3c299a6ded4eb93da0b74bc7c3bfc432fa7a8bf3a1b7e1e0d4a0aea9592,
d78caa6e9b8352ddb990026588bac33f64c9f9ab24ca395e56c977cf04c53ec4,
14c01707ef3841405d748b6714f85a8d6a82858714cf94cff0e76ab08f44da07,
30fe9239de6025f6da5050284c37ec6fb444c8d34d8a38ec24ecbbb942bfbf84,
82cc546204b458a34267d419eb2a1a483abca80f36f0f336aec16106a0607277,
72db82ce9f0109944347143c74f3ec072c8fdf7237e007ffd0994de763686eec,
b5896296bf733d647ecb9cc26558d17483c3e64b23872e69f2c67d7a5eea2b4a,
a9dc016f1c82f2423e894134b7713f32a9fd2ae8f82274685cff87990f6f8b46,
298396ff5504c7b4414ec1e84bb5887cb4f6bc0874bc8eaaf2488122190e0c07,
ba209a55c64d676df1857102f1f009055b41af9c0a1e9ca52ce958b5e8769a75,
ba209a55c64d676df1857102f1f009055b41af9c0a1e9ca52ce958b5e8769a75,
8cc0f4e03c768f6570f82f08ffb88850c35e661a6a38342c454b52ee48d6cd73,
4ce285d199a367c5c2a7c1a7fa64762bef569a0b2a73c6c7fcddf36749c780f0,
8cc0f4e03c768f6570f82f08ffb88850c35e661a6a38342c454b52ee48d6cd73,
018f5c4626b56e8489da7abb6c8b62331933c42c35d1342037a5242b8ed148f6,
168ad8da6c16966114f67a8f5210ba4c7b6c0360570c4c8f231aa6ce54d54aa0,
dc69b78b48c481d0b6f15094e4c1fc3eeab43fede728bae1675a1a6da32c4c3c,
151c8c7d30dffaff26bd2b712b40ea43075658ec4ca0aea7170fd9c0b81c7dfa,
1f48d973a0fcd62f91ef2ccc2566a3c7cd9705e50828c24c796312cc3e7c8ece,
1c4a088d062bd63a5c04d54aa4af601e328e8f0fc527783edf196f723b836b16,
c590d9267aca6fd74d0f7838ec829372a1477b29298b89a30ad67ff5d2f1bd05,
952a100c89f84492e78e94ddeb700fb1838b63573f2937c1b0a894e0c3441e52,
ac57d54dcc34f2ebf6f410f6d7fab436eb84f8f6b640782134b3d8062ebf71d0,
baa98cd5bfd026ec13f7a8e3f6a94bf479b650869ac7f46b7440b662678e7eed,
8df7921e2110125866d9f8dd9724d14ada287368a341629fddce15401c154ab4,
e8f296a8841c161ecb5405cbc35504aa5ebe4044d1a156dd836ba1ce65cb4b51,
dac351633e73481c1a9f6a0a4bdb389d111de899d3f8493d7db79264dd3ff51a,
acfeb31f44e2ded3e61e7d1179a9e36c2590ca1b8e7479b320e15fa73aec3a82,
51c56fb36dc274baf5f639dabb4c38c996abc249de4d371cf2d36461aaa7b82f,
85999e45e6bc63730d8a842be707358391d9df419500c57419ce6eaf79c84293,
e2e4a448659d976187f476f958387f0371760b7e9bc271e82405448b20700f91,
1529a205cf28a6e7b229c0bc643144b0873ff0b74df8aaa51fcfc8983901b0a9,
134ed8de13ee5d54ec383ce31a4d3b77f982c73fd342d17408da0c6354d599f2,
8d061cedd0c981d9e6ec54ab2ebd0f6af1ecdd4708232f42e8efde68b2ce8788,
af7c55c8a5a8c9ce1dd2429a60b015f85e9834da833808d86a9d256e7d09b1d5,
8d061cedd0c981d9e6ec54ab2ebd0f6af1ecdd4708232f42e8efde68b2ce8788,
ea29943c19985e7206e37b8af63b16319b87778fd64a2b46566d5737a6a0225a,
cc976f3dfbf8f2c3a3ab3d8859ace71ce6548064dcfa9de3752ab6ea649f69ed,
1b51ffe28645d16d1d34475071eef737ef4c1ea09eb443761da2d75821bf3398,
c23ff5b7bb93e01134ad310bb3305df78dd4abadb1f261016f176665714693fd,
de45bca838b18b1b6891d18b31b6c327d46acfa696600a8be79d8a2a58e5999f,
9955d565ee04828221692018029bee97020f0e7f3424f32fca4136af1abf338e,
6f5e2cc472d247afe9caf8b0f6a765d70826525e777deb031d6331942675c003,
8eda00b930488c6dd603d6fde3b228ad3526d67b43023b2f8a15c97c93245726,
3bb916939a96afd3cf0fed2998e84deaa96f97ae1b8ef04e3ddcc0aca8a13f10,
3fd5470a59030c77d85a5994e3f9b6fd7bd56704341287a78b3c78d55bedf9c2,
010bfa1a75a9ae56cd0939aec799c271e8fc17a457f4c83ae0fe23603960a7a9,
160fea95153d257b5a1449be1530151b6ab0a16f346a28957ce1f4391c0fc51b,
49f55ce3cfb6fd69c868990d4430e0da4fecac7c2a7abdd5465497e3e019f49d,
1b30ffb27bc72701d32c6604f5504011f3ceb7fb29a9b627af4f665ab9a37736,
1b30ffb27bc72701d32c6604f5504011f3ceb7fb29a9b627af4f665ab9a37736,
58fb124d3120d7b61f897e02eadd9337570b8c02689a9db69454d37074f58616,
4a2cc7900b4e86925b234566d07800caf96878cbc3e474b8ad0825df361ed2a3,
f16df3d9ac669fa19945345bfdba414b101ee10d423f26143c273bdaae9ee485,
d0b52756d5e986a6ff8a1e6d9d100a287a63d2a892df9f91f544497b2ffcef73,
f6085f1663d50ff5fbd8e4c265c6e724b427c3455a3017e384937026a0449881,
cc976f3dfbf8f2c3a3ab3d8859ace71ce6548064dcfa9de3752ab6ea649f69ed,
3440b06dfeb6a704c54c060bcf3e8812d0b27993bbe739dea2470693eb505e71,
cd9c9447ad5bbd5b7c1b0694da1c877d2ff10bdf393220a60b7a90366aa6c055,
752092d5d181fa20e1df2c194f61b4cbb317ea25c19556d9ae68e5a52bbb1268,
c3b08761d51a0e94ccc80d6bc0088a285efc0ee26b692a300d09f4d1cfefab1e,
8882ad7393f16cab4e9e1dbe3235a4b37b324b10dfc82ef2342e0b2ff3af422e,
cc976f3dfbf8f2c3a3ab3d8859ace71ce6548064dcfa9de3752ab6ea649f69ed,
e75c3c6bd5cb4601c7a7bdee7bfa42534eea1ab895b8a4abf06133eced3c1a18,
11c5f054d00b7e5e5b7c264ca70c725536239f2b273f26b786057a87a6cf2776,
11c5f054d00b7e5e5b7c264ca70c725536239f2b273f26b786057a87a6cf2776,
11c5f054d00b7e5e5b7c264ca70c725536239f2b273f26b786057a87a6cf2776,
8eda00b930488c6dd603d6fde3b228ad3526d67b43023b2f8a15c97c93245726,
8eda00b930488c6dd603d6fde3b228ad3526d67b43023b2f8a15c97c93245726,
2f639def69a32cf0165f9ed1981d5ebf1a96b2b191001ce3011bf6f047af962d,
2f639def69a32cf0165f9ed1981d5ebf1a96b2b191001ce3011bf6f047af962d,
e995b560ba17bf4c1172a6c0b00945b49ab712ba1297f1fcdf03edd8e6f1be33,
2f639def69a32cf0165f9ed1981d5ebf1a96b2b191001ce3011bf6f047af962d,
d3036e1fdfb51f70c60c6f753044202e415c114eefb055d2ae7f28aa591cc0e3,
d3036e1fdfb51f70c60c6f753044202e415c114eefb055d2ae7f28aa591cc0e3,
dfa0a88a5db25185749038338e6d84ca851fe66c1752f3cfc6fc223bad951742,
dfa0a88a5db25185749038338e6d84ca851fe66c1752f3cfc6fc223bad951742,
749c6264bfcd959424ca3e1b2e8c3d0cf94dc29b8d9439984be84c6d5a17dd2f,
405af79612817e0a2cba5908b5659226816a96d92c45926b2270a19bb7e957b9,
d05ce85771630002be0391c989fab23c17507cd415d39e0fd372ceb8460f36bd,
bf81764261acc7cbcaa0c49d68a1ea71ec31539a9807c1d821a0ec1a5103f2e0,
c8635e840bf1453e9e3dbc88de657eebe44a1fe21a22fda6f7327f4e92618844,
c8635e840bf1453e9e3dbc88de657eebe44a1fe21a22fda6f7327f4e92618844,
c9a449ba4a252f3527a005f5593b844c87ab758573f9eb691402fe1892f2431b,
c9a449ba4a252f3527a005f5593b844c87ab758573f9eb691402fe1892f2431b,
cc976f3dfbf8f2c3a3ab3d8859ace71ce6548064dcfa9de3752ab6ea649f69ed,
cc976f3dfbf8f2c3a3ab3d8859ace71ce6548064dcfa9de3752ab6ea649f69ed,
1cbeec85b10176e4444e983c4c68cd087f6331074e32b8e9d003f3b2c487cc94,
1cbeec85b10176e4444e983c4c68cd087f6331074e32b8e9d003f3b2c487cc94,
1cbeec85b10176e4444e983c4c68cd087f6331074e32b8e9d003f3b2c487cc94,
6f5e2cc472d247afe9caf8b0f6a765d70826525e777deb031d6331942675c003,
6f5e2cc472d247afe9caf8b0f6a765d70826525e777deb031d6331942675c003,
b017a3bf5d99d6cb19620561672cdfdb307e4f130951c725f14e52858a1cb47a,
b017a3bf5d99d6cb19620561672cdfdb307e4f130951c725f14e52858a1cb47a,
98ebc183264f2d8e9f9e9e4f817e5535f7130415504391e26f412a427d8c3e83,
9253b4ded843464c129b496aab84bb01d0d39404cd04595f1ef517a3ad8b023d,
c9a449ba4a252f3527a005f5593b844c87ab758573f9eb691402fe1892f2431b,
cc976f3dfbf8f2c3a3ab3d8859ace71ce6548064dcfa9de3752ab6ea649f69ed,
f2849999f8437351366fd431eb283713d137098f97b295d713edb7f0577a9a67,
f2849999f8437351366fd431eb283713d137098f97b295d713edb7f0577a9a67,
2e9ed22d86c744ada1a4a2322127fee0739614499a41ca4aa06d15cddf60a051,
6d23aa897b77859c84c1befba8d92657ade053452b682fa9e05fc11fd2acd744,
6d23aa897b77859c84c1befba8d92657ade053452b682fa9e05fc11fd2acd744,
6d23aa897b77859c84c1befba8d92657ade053452b682fa9e05fc11fd2acd744,
0ba0516970a8d40e07672866e658996c4a93169123a8a0a482736d0b04c77862,
b022a075fd6cdcd1c92a4fbfa68be74b9c0cde89ff966b85fd631e880e4bb163,
b022a075fd6cdcd1c92a4fbfa68be74b9c0cde89ff966b85fd631e880e4bb163,
b022a075fd6cdcd1c92a4fbfa68be74b9c0cde89ff966b85fd631e880e4bb163,
cc976f3dfbf8f2c3a3ab3d8859ace71ce6548064dcfa9de3752ab6ea649f69ed,
fc5a9ca7ab9b5b07e02a7c4e31a1a3c4be4315ffe483c6f857870c0c157c465d,
22926f8fc0f4ad0052ffe129a675a2ab38a3dffb6fc18b0ee982cbd927a0e7a1,
c2d2559302b46bdfe850ec0fc9466ff9adfb1f3bf747a9ef390ae9d73be7d83f,
c2d2559302b46bdfe850ec0fc9466ff9adfb1f3bf747a9ef390ae9d73be7d83f,
c2d2559302b46bdfe850ec0fc9466ff9adfb1f3bf747a9ef390ae9d73be7d83f,
c2d2559302b46bdfe850ec0fc9466ff9adfb1f3bf747a9ef390ae9d73be7d83f,
4af813dcba685159e050843dc00aff143f330f57d02fe01740b2d023f2933ee2,
99a27ca103c1e856e24a8f99928ae1237d779f213922f3dac34e73c1bd547e7a,
99a27ca103c1e856e24a8f99928ae1237d779f213922f3dac34e73c1bd547e7a,
3c2d1e85d94f42f844b572434ee9ca0e8f7bcc454ba121cd433cde4e94a0bc36,
3f70e6936b769ad5810674cdb5e05a202fe0d8b01bf5dc2f8c540acabea52b8f,
c06fb76288839e8c6e6bbdc036888a8fe2e6f59bad40a25ebcb678185dfc00db,
e9cafd76fc288129ac7b936fe28bd45401ed362711ac1782143316a0df4861c1,
f50901d8b7e50d942a11c924a6e7dbc2ff9cd77ddec0f6f11472ce5af1d548df,
6f747722d22fbc3ee6c2407100ef22247017cecda056d2460a2e66c2737619f1,
04a46599a4ecec77f6f0672e6a2f24bc516618cc2e5c2e1fc3df83b5649898dc,
adfc687593e69bfa5f65454f2b10955f3e1aba5b3e6abc116db00d0e4acb6b69,
3e63e7e0d9dcfc7fa4e91a3b5aee64ee953191ca141c0eb6eb1c06651beceb4b,
3e63e7e0d9dcfc7fa4e91a3b5aee64ee953191ca141c0eb6eb1c06651beceb4b,
8eda00b930488c6dd603d6fde3b228ad3526d67b43023b2f8a15c97c93245726,
8eda00b930488c6dd603d6fde3b228ad3526d67b43023b2f8a15c97c93245726,
f95366c00282ad9330b1c2c501e6ccc521d6d8cb6d17371fa613a62bac79b843,
0722c018c6e78155fdbe057eaf031ca1d8b57f4cdb15b1ac0400561a291c0aa6,
6edd6561a52746a523ab87b3c790344a0b8224b893689eee3d62e6574ebcd3b4,
c3b08761d51a0e94ccc80d6bc0088a285efc0ee26b692a300d09f4d1cfefab1e,
ca664f1d93ee9b2535f12dd478cb524e243dd4f09ba905f365b84f7064ebdbc1,
cc976f3dfbf8f2c3a3ab3d8859ace71ce6548064dcfa9de3752ab6ea649f69ed,
c9a449ba4a252f3527a005f5593b844c87ab758573f9eb691402fe1892f2431b,
8e2a8bd996c29b99c909664ee51eb5ee3b2358306a4269d5b69dd99075e6dd85,
e26fc9038c5b19c39d6cb2c93994fd6e39706437370ce05c4fe548e1ac576fce,
f078162a9305ec79b6cfd2718086ab09f19e56f89ebe6b121a1d8cb53a11c91a,
77781ecc2e70738b11e83b8927ee067a6868d073ec6c22705318266e00f1f869,
a350370a4a154cf79eb25f4ac442857c60783854fcc5d79b778eba5c8b743938,
595a8d54d8de9a3a6f49c30f0a769875c093fa95e7839d7e6700ea1f62cfd26d,
6d3b35a328686c9e55dc060ef83b92e24a4ef4e8eed910ff899c0074f0232c9d,
4d3e22fce3824e8fb1ba3886bb8db2be39f3b327b990b8bab215f36808f17b4c,
bfff996b97c1b4060180ae011414100355fa193bb99b2a89568e385e9a65c6a3,
b893c2b8e68a8ec8d5fc8874738341f01e79e4f4d64ea2a972204ad20a93c67a,
605cf70787cab4df27ac1edd08656548b21803f2a4c5f6303b3fea99da3abc6b,
281e617e503dd4deaed957c06e77bcd32289f600d99c25997580ef4b557d01e0,
39ada0d1a1491cf1608ec952ffc29e0eb64a84fb32b51f55ee4e7e027d34318b,
39ada0d1a1491cf1608ec952ffc29e0eb64a84fb32b51f55ee4e7e027d34318b,
b0b8f6cbc13e0d559e167e7fbecd1bd4e23c41cbdeec835ea60ae9b8354f3d39,
b0b8f6cbc13e0d559e167e7fbecd1bd4e23c41cbdeec835ea60ae9b8354f3d39,
9f2fd26d1b99cda8296f25b38ecc07486967f54c731ce3aaec4eb6e8fb9f3fc1,
cad8be3e49d8f736cad343c1020bed911164d62c1786060f7c11718e176d684b,
0fc42cc41e2f692a9d36dfcb330c0307a96d20df428e3cfb14b176cc0cbd6b92,
578598742fc7376b05e1a1f2acf113f9cacb77041c9976616cfd3c54793d2ea8,
17abe536dbc80be9c3e74255e20878003a726da19da722268d156109f72d351d,
17abe536dbc80be9c3e74255e20878003a726da19da722268d156109f72d351d,
f7864db419b41f461f80db4c313ab7aab42adf60b7a5500d23a2444a2e945b93,
f7864db419b41f461f80db4c313ab7aab42adf60b7a5500d23a2444a2e945b93,
508a0800ac797dfc6a29f8fc67bce28886d9a15874c56a8bab622d46a8d1990c,
80afb3c8770c692811574b9fc84c97842702ba369d415e49bc34bbadae3028b3,
dcbf0a7fdc702f6b24560bb7336b69531acccb958830f470c7bf7a89248dd7f3,
f3d7a421a557727f89dbe6b3144284ef061ef4fea25855ef7a325258906f54fd,
aa387ba7221ea28e458a6e99e80af2e022b73be6736b146baaabe4d4ad8f17b9,
61abf5ad368f0d63d09ed6a4f0b25b33f93a276818c3d9548d84ab23aafd86d8,
245ab47066138a681f05bde0b0ff051ee3849101ffa22b049597e3072d0ca3a8,
245ab47066138a681f05bde0b0ff051ee3849101ffa22b049597e3072d0ca3a8,
e3d7787be640292702b976ba1818c6ccae140810bb4967f4164c25dadab53cdd,
d1841b1bfcacfe3588892a80028902956db729483f1b96c91c05a8b808537ff2,
2b6ba7e06a9ac401bf5c7ce4b3d83ce53fb1998fe01f73d9e0ca0fb195fe4dde,
feaffb16b3b1e64b3990f391ec6ea91ac6a08ab3b5045123e7dc9fb48ba6ac3f,
ea691ad2f02854549c1577e4e4fb5339300d579960a6ecf009b6ee2b70be15c9,
be91c8bda25f4aeb4c3ebf3d74dd37a534b0843e43453d63c9598d91068df6f5,
17854d750954e6e112f23340f8086b217d480f988e8a270fe80a155460e9142b,
5ef2c2b9ba524e379ba861f8582a632a4803a5218c3261466f41216905c05cf6,
19100d893d369d088dadeec3ba914bf5678b65da5be62b1a3c02e63c880fbbc4,
ee1ce91bdee7887b40e7822acb102dbbd7c60313d82f799352147d9230b3fdf9,
8492a6c0d27cf8bcffc98ae3681cbc0c1691f037c760d5b5057cbfc8fb7d9afe,
8492a6c0d27cf8bcffc98ae3681cbc0c1691f037c760d5b5057cbfc8fb7d9afe,
b7194025ba1ed7d692b992908579a63af6fc265faa946b13fbedcf4a4e29beba,
d741ef11cee21d0c1c6aa2daafa501f031eb73a68e267f0782d20c7ee313300b,
57d8f3650d717af480775f44dd037e56d8f4c23bfc508d76466ddfd3d96fe450,
fd06d46a558faad664e3fc9aa183ebfb638dc3944864cbc8347238fa1983e812,
1ad94db18fc2ee0aa0ef1f25f5bf3db922ed63fe1ea21dd225c679fad9c7078c,
90c6e4063064bc9f754ff2e036f92e0940ad833c706398f08a9f1fcdfb595cba,
b3c01372aa06d5304f6647b1bd5b8ce4e35e572ed9b8647a03a71d51ee40878b,
b3c01372aa06d5304f6647b1bd5b8ce4e35e572ed9b8647a03a71d51ee40878b,
3abf0c8894f9ec503fb49d3be6c08f5693ce94219bf2953c5cb4321caab869f7,
39b2fd1a623e9976bd7c37930ccf50b2722e0962f40d627622a47d5ff388265c,
406bcd250d71e4bca06e4c476ed608491937d5cfe17ac09265dffe15f337f5bc,
a9c9b978ab992c9f150de0f3f43a2ae6d55e79c641f9a24de96db8d6bf694c90,
5a57ca107ff3206d0834cab2efaa974e2d51812a23c846bcd51fa97583c68d9c,
4abe6527666da44e913f4734d5670ee18a50dbb368143a887a7dab5ef260ffe9,
c7153adddad2e4dd2e802125a07c6255380eaf379f062658d3ba6f91f21da362,
c7153adddad2e4dd2e802125a07c6255380eaf379f062658d3ba6f91f21da362,
62dd2bb3213bb6f2ec8f3c03a7243599cf6db9ea6dec4d8f1e15379f54d69973,
a2209989ec4e65a2fe0fa011bcd2f7a49ee68b52df332295c71b86590373a42a,
ecb399d099cf65343d3d798209b0a6834b353bf6f40ce8b2d630b411541ce248,
1daabc95a9ecbe01358953cc2df203c62aa3431cb0ee01f9c1f51f59b5f38b70,
7386c69ddc827eece1c37d7954f3ecec94388efcc9e2a92aa12790d16dbd8462,
e621be278cfd87d5b12bb1ff98a9e4098ba96a273b50a01c4edcec27c3731ce0,
e80061fabba059f06efc50b657645418245359906b0a99517a81ad768a60ab4b,
58578fa4f438348a4477d4c4027ecef2b7051c6870edc20eea192feaec86f753,
57c9fd972f092b3a39e247097db62297b06af378e7782fb33912dc5192052e1a,
8ac95d5f3f2e951925af9943270a8310ff18e0bbc69d820c5d9fa13bf9bcc572,
a7a440e776956cc02eb7107542c2e2ccfcbaf9a91776de666126f1706c74dbbd,
05b92553bdc6b79296a9f2f2205f89b69c8e50f16c0fb28f60408395e1f75f0d,
71cc87006e232f230cbb72fee1a25ee996291b24b07827224d044a1252004c9c,
25b7cc0705083040c2c1599387910e99501b52406b06b8473d352ca8fee2e8d1,
f42a742caa6938b944096a51339abe41834e113ec085145f13f61e2aef1695fc,
e396d77608d3970236aa9aae81925b6380663823c1dc9ddcf2e6f454587c820f,
e396d77608d3970236aa9aae81925b6380663823c1dc9ddcf2e6f454587c820f,
8bc5d80205e7971caa1b0b3d94acf4985de23c81f31f5145e31b357bdda766b2,
882dedb7e80acead7597abbf0187f364190d7ecd6c12aaa254de4ca0e03f6334,
c183d18e829ed3232b1bca16c77aa1310bfce536eab17eff985f7c60a2546fe6,
a589e51236f32f87b768eead7088ca84bac2edf2c11387e2c5f1eca026fe86bc,
c6a872ee7398f72d7a2a6165586cd0fa5f42b6a2a0d86a3638899bf7a5013dc6,
dc665e201b18544ecab07a3cb341d490286fd1ba6186c572b3d6432c45174c4c,
ccd2bc38d4df40aece80ae9368ac9517ad24fb5da252a76e5c6ad612e18f8731,
fc7e201cecf4ac72210d1a986cb1067e33f7a214fe2429c75cb0ea40a0722849,
1f8e4cf622a7b224438e764fe18e5d2916742c7fdbfc08249f564d4f0fb490d0,
cbe17cb1e51b1b2aa568d20799d15f3f1abdc66a6deeb4784ed2732b97df03ae,
9eed454018a102c89ae19660efb0a21e6ed4361b7cf46516cf31fdefb9fd9719,
66fb8b22f62e95305d01ce0a727bf502163722f06dd475aabc93230084b8ce37,
66fb8b22f62e95305d01ce0a727bf502163722f06dd475aabc93230084b8ce37,
b252c40f11b212d7059a8c51ff6beb4fc7daa5f64f7e1a0bfc16fcad9d04966d,
a025e1b1219bfbf5a0f4ed40c6bd0eba04c981e2c50b07c0843b2769dbb68747,
4bd8df10a6566957e466287028d430bcd5dfa3380356185de1bcf6ed6e3329e4,
4bd8df10a6566957e466287028d430bcd5dfa3380356185de1bcf6ed6e3329e4,
d7d2e63f7c08006a88b1df0099c30ce8a08095ad82ef864b7b04512c52dfce44,
a43b63ff3c26c7fa128b01a69fa629b364fd13e4fca24fadc588bf39e683512d,
aaaa1046f4b103c5a653bd7765ef4507293ce25febf16359ad1210c19c0fe232,
f8290c05d6f0ee2c264692517aa6e4ce307d6001d116ae39dfa74961cf32e8c4,
1104601963e3c538509daca118b8cd34bfc79ae6d0ef288de5b23d72ace19472,
1104601963e3c538509daca118b8cd34bfc79ae6d0ef288de5b23d72ace19472,
ec0a6ccf9debf1c16781445c4b9106080d00478b0559469336db7c7b7b9711c8,
51d3e4034ce94468b58cfde46c0cc2eb98c8f3f94bdb2c2c06d50bfedd06f78a,
5a2e5ee1b70fee1da3e470b1736459c9d0ad058047df7ad7eaaf2f3d3825736c,
7dd10f0ba46057b755839a8332941fb1bcbfc8faf1add293a1ef7d203ff33ef5,
3420bfcc4f5cfde74891429b89e9c09a4b110dec80bed6ed957ec812bc16b2b6,
2e9f59378eaef599b554428323668c875ef9c71fa1397d0ea261aba55ee3f0d5,
4788509fd5a0c8e1d4a603f32d48c905d5f46c0da18ca5f50b2497ef0194bef3,
1c8e39f3594912744add25dd14d386f123e1fc5e535cee9c8a4b276c6cb67c12,
d406018be70cd5bb330fa3d1c63e1df8da05329887cb699c60acdc2653e6225d,
0fab380797c51e2bb649e6d480ef2871a2953ddd131dccad6b7979b9ea960326,
5b526de34fd3fa25bf1f69214476c5896d1c3bc4f3a76d05c84fc5ef063c7f7b,
7d4ab3dc278aeff73a4648a0df1f9f3dbb781e837c3608a57ba4464c26e0590d,
ba2e099f0f3cfe143c33f7aad542cbe312c85293ce744091b3c86565c54af1a0,
ba2e099f0f3cfe143c33f7aad542cbe312c85293ce744091b3c86565c54af1a0,
ba2e099f0f3cfe143c33f7aad542cbe312c85293ce744091b3c86565c54af1a0,
ec0a6ccf9debf1c16781445c4b9106080d00478b0559469336db7c7b7b9711c8,
089eb78120af8b802a883f8ee3ce50ce40f0b0feb432e6934f3a41e93088e4cf,
089eb78120af8b802a883f8ee3ce50ce40f0b0feb432e6934f3a41e93088e4cf,
ddd51a2ef2988f815301eee29eb4d2b5d99aed2d1f3b8b7534896b75dcd2208c,
ddd51a2ef2988f815301eee29eb4d2b5d99aed2d1f3b8b7534896b75dcd2208c,
ddd51a2ef2988f815301eee29eb4d2b5d99aed2d1f3b8b7534896b75dcd2208c,
ddd51a2ef2988f815301eee29eb4d2b5d99aed2d1f3b8b7534896b75dcd2208c,
24c13c75dda3a3b45b5b60e5b690302860332e3be02b8e705e8c3e3db23bb651,
e407765b34040a0b31002dd096bb5535fa55e4cf518c7219f0f4b00ccc11ef47,
18e4d073911e3ea771f932e39738a475b579a9250a95289ab1a0ba7e7108dac9,
cd68193dd81c1c5d6be9289447f00f085451eabe352d99b5293cba3e89ac377e,
cd68193dd81c1c5d6be9289447f00f085451eabe352d99b5293cba3e89ac377e,
6ca65d7190050720db3df73ba77dbabbfe20e65d7919b37add83ad28ed504e9e,
a03b9a84e73345f942b0deb04efda45fbf4ce45c7e2d17e2eb4b38b58c91627b,
2144a710f85fd63781888594988ffc971039b9f1f014a577b7d58c62cb29f256,
5acc90993773929974e188f966aa25f78276936247f344596122dae80f61a093,
acb35ab419252c60dc3d26be2ca477451f628c97433ee5223dff5993f1c26ca0,
c5b79cf4b4364c6282b8ce6f87ed2c24fae45493b556b09fac99e8c341ddc482,
f82b91ec8cb5d8aecc57f942349ef5224c065aa7828c007967ace4bb76d9201a,
f82b91ec8cb5d8aecc57f942349ef5224c065aa7828c007967ace4bb76d9201a,
0a17a6bca8b0aafe01059c7ae5d71e4227f9027b797a4403621ad3dbc167c79e,
0a17a6bca8b0aafe01059c7ae5d71e4227f9027b797a4403621ad3dbc167c79e,
0a17a6bca8b0aafe01059c7ae5d71e4227f9027b797a4403621ad3dbc167c79e,
0a17a6bca8b0aafe01059c7ae5d71e4227f9027b797a4403621ad3dbc167c79e,
f32d642364b7d045f8514c7e8611fd3e712d28b68ddd0432f4c7c0c41334a4d0,
873c98c281dd31c9b0facb3abdea8544d8bc3099c8850ca335854f8530aea652,
b3c5c308bc1c43abdf4eb59b6b8cb9fcd123e678caac861b68e85893e2b27229,
b3c5c308bc1c43abdf4eb59b6b8cb9fcd123e678caac861b68e85893e2b27229,
3587a5e34328aeb557107ebd14739a5446e3d86fb76aabd75a30bb9ca3f79226,
3587a5e34328aeb557107ebd14739a5446e3d86fb76aabd75a30bb9ca3f79226,
614d49415cd7a201631a3afca22791fd1b00f5b585461dac93dbb9fd66467f12,
b5303b4b0d1227823ae1435c873b110b1f5ecc869744067d3a257be81fffaa94,
fb2dca6c6a6a1dc7e5d6372e90cca86a0b41db43088b47ba531489c436c04f31,
fb2dca6c6a6a1dc7e5d6372e90cca86a0b41db43088b47ba531489c436c04f31,
4399063e48dc76d2dd41fbd76f45b29104d47612e4096808efd71cfeb2d5c6c1,
77fbcd134ced9a80193f3967410c6f74a31decd3482c4774bb488f183a03bbd9,
77fbcd134ced9a80193f3967410c6f74a31decd3482c4774bb488f183a03bbd9,
fcf816c8f31a3ba00a93d2450e17b751d0e4a2da57479f811bd07fab9720acd3,
5174334b3740b94f802bafa1295c924c432717a7a28b5166287101cbaeddd751,
2ab7a1d8fbcaf6b036f6d056ae27a97bca46d5f5cd9c3fde8584b7a4be75e1f7,
261bf8188696f71fd63ab42059dc4ef2692718634641e76e040b6134aff55c76,
553bac877d761258d32b200df8bd6f5329c4c056d3fa47034ee0847290b0c142,
553bac877d761258d32b200df8bd6f5329c4c056d3fa47034ee0847290b0c142,
553bac877d761258d32b200df8bd6f5329c4c056d3fa47034ee0847290b0c142,
d085317017c7a67a4272e122ca8793c7a1d1172f63d13357d3375916878ba32b,
d085317017c7a67a4272e122ca8793c7a1d1172f63d13357d3375916878ba32b,
4b351522124beba6dfc1735afc7619bbadf31ed260d7b32f2907e7e3c9ccaeec,
c603bcb17d82782fb2ca5e5fdd4968d75c792b8917b61282df2473c591ceeac1,
3a82eadce97787d980cdfcb84457d189853e3dc7947fd5a9fa052ccf0d8fbb77,
3a82eadce97787d980cdfcb84457d189853e3dc7947fd5a9fa052ccf0d8fbb77,
3a82eadce97787d980cdfcb84457d189853e3dc7947fd5a9fa052ccf0d8fbb77,
b5f5bbe954839322852788240f71b2744afd44ca78345b47f9ee664885a086e7,
b5f5bbe954839322852788240f71b2744afd44ca78345b47f9ee664885a086e7,
9e238ddb1677d6f6779c4b2e7f84b75e851e31fcaaa6c3627a9ae6bfcb07c0df,
9e238ddb1677d6f6779c4b2e7f84b75e851e31fcaaa6c3627a9ae6bfcb07c0df,
9e238ddb1677d6f6779c4b2e7f84b75e851e31fcaaa6c3627a9ae6bfcb07c0df,
9e238ddb1677d6f6779c4b2e7f84b75e851e31fcaaa6c3627a9ae6bfcb07c0df,
0a672f9bbc749f682d430675832d7e07319e68a248cf1f7e129277c4143b491e,
78f6c1d91eb62b581780e699b98597d91cc8a5095a2d1467d0f1dd5fb480ff61,
b3fd2c2119f0634e6fab9c7f9de10535b7d49a520bdca6ac587a81bf5ff10f8c,
b3fd2c2119f0634e6fab9c7f9de10535b7d49a520bdca6ac587a81bf5ff10f8c,
f69ffea9669f28b5c456278f25236d278b5dd6443230a105febac61e61e10baf,
f69ffea9669f28b5c456278f25236d278b5dd6443230a105febac61e61e10baf,
aeed4530f31830fb86bfef31195bf31a0c5c143c99ac11574161249bfd7ab311,
aeed4530f31830fb86bfef31195bf31a0c5c143c99ac11574161249bfd7ab311,
386a6df27d541ff3bc29714146111e4ed5039197ebd7e18640eefcab58f552a5,
478a483048119f0aa1819a514c3aabe9c3b8500bfdde1092af449847abeeaf19,
f959a14689a5edda3020aec0a5fa4bd7c5a32fc3da73faacc3326fe1ade65059,
479977b1bbcd23722b7a66b663ce24bdea1ff642859931e64d8e9c40a3d0ff2b,
f75eed2c4c84ee302d637473fdf71fcdd753d8d1ef7176e98aa6508682e27fd0,
33e64cef74cfbf50d3dcc50644449ba72d86b5032b46535e26e6fd1671969c36,
0afe170acb34c964cbeaea8e3f34d9994ca6b1501cb17844636d1c1ff822f049,
f02260348a944026eaec6d88b77857f9ab02862bf778f8068721963e578977ba,
19c015f4f49cc13f259d0a55cb84797bdc550fe78f804ffe607e5b18f598e399,
1f3bdd8147bfd7b74b5bfc5fabb25b691848249eed32d363ad863f4cd92e5e62,
1f3bdd8147bfd7b74b5bfc5fabb25b691848249eed32d363ad863f4cd92e5e62,
1f3bdd8147bfd7b74b5bfc5fabb25b691848249eed32d363ad863f4cd92e5e62,
300ac017c790fa35d534f1c7843558f74b6652f5bf181e98b693069411942c0a,
693a9a6e950bc25f296ee6d84b050bbd31a6a00020d760289cb2ff3396a15e49,
9ccbd0658996318491a565d49683e73fd9ac9450fc1df7e36aaacec4f85e039e,
9ccbd0658996318491a565d49683e73fd9ac9450fc1df7e36aaacec4f85e039e,
9ccbd0658996318491a565d49683e73fd9ac9450fc1df7e36aaacec4f85e039e,
9ccbd0658996318491a565d49683e73fd9ac9450fc1df7e36aaacec4f85e039e,
9ccbd0658996318491a565d49683e73fd9ac9450fc1df7e36aaacec4f85e039e,
919d27b5ec38b1351e286d0b3ffcea377d1a06f858d0a3fc1cd30f56ffe43b77,
926248e52d1fa532c317e37da24ed652ae64110f8219cb5e061668bd3091f048,
ad8ce535b33db339f9c22ee0e461d9703d95326cb7e64018da2caf1dd75f8974,
95bd33e499a58982add220359dd12a89f96f9baf1fb5392f7a976ae42e64cd77,
c5d3bbd00d7d46ffbc673c7dec3fee1a847334c3c983e5590aa5171c7247c4c7,
5f9217fdfd69e83941fad25970a2377ae7b5e5726c4178b6dd4b19ea10f8fb0c,
71241681253ac5364666ca356b91a6a25813026eb51d88e86963d3a08e166bff,
34f400234f2fd088b88152d80306867b98e45a8fe0b2e7055582fca96664a297,
41f81b0ea3c5eda1b754dd980f2e16bae5a38021d1e7d75595bdac05c8f4d269,
770f9f8c7db849fac09420b1e97a959b0391bdbb2d49a9a6bbb4ee7372298a5b,
1106062fcf33bcc541317c767632284f0d943188abbcc03eb7524aa3cc6deb8e,
c547ff6ff63212e9dcf2738729d1d4c4891e16d265e9b593f4a16399698e1436,
df0ff62e3b6ae1006e053de7973d09eff390be5a2af084722a0588505b923208,
9cc51bf413f11e18831c0e992f5e44e2421a14001401ea5b7a5e41a9ac970035,
9cc51bf413f11e18831c0e992f5e44e2421a14001401ea5b7a5e41a9ac970035,
4818a614c3c0331f48cfc9cc1da68e1c97be9320ad7fecd2b9b8aba42a8ea4df,
31073c8be0b824dee2faef6e98e30eedda8a407d16ff13c9ced63de3bd26c403,
31073c8be0b824dee2faef6e98e30eedda8a407d16ff13c9ced63de3bd26c403,
31073c8be0b824dee2faef6e98e30eedda8a407d16ff13c9ced63de3bd26c403,
31073c8be0b824dee2faef6e98e30eedda8a407d16ff13c9ced63de3bd26c403,
35ff965c47d7c4ffc63ea7121e2cbee51409d2db7e00dc025b719a2d5eb15f12,
9d674a12032efbbff6a5d59896e226302e8e35057b213d0560c312acb1d8464d,
4390f70a20b45918677a546a7c811b1eda48ce751f826cd90e343e0881edfa2f,
4390f70a20b45918677a546a7c811b1eda48ce751f826cd90e343e0881edfa2f,
2e1342aced999d417b3a359038d71c9d8c00d65462605a298df7a2a7989d98ba,
2e1342aced999d417b3a359038d71c9d8c00d65462605a298df7a2a7989d98ba,
409444dfe933083de677cd59c6d87c4dac6a0ce09db861b6e934bd6135204cdc,
3e7b7e4b4c32a0632012bf944b10a67f4a096db613e6b90f905dc38ee24b48ca,
b731c101c0154d46a1beb26a352be9146089b47c7705ee08777316997f23f24f,
b731c101c0154d46a1beb26a352be9146089b47c7705ee08777316997f23f24f,
7bde46cd74060f9d4182000c75134c87a50022e2f9db3f4f2468ff09899f0796,
7bde46cd74060f9d4182000c75134c87a50022e2f9db3f4f2468ff09899f0796,
7bde46cd74060f9d4182000c75134c87a50022e2f9db3f4f2468ff09899f0796,
8fea98af886a9b21707d2a083df9471b25f2ceada2625f2da997c6604020fdfb,
5772a1fcc97a5c643117fa39d73d54cedc4a144fd5d9bab6ee66520abf2a2660,
5772a1fcc97a5c643117fa39d73d54cedc4a144fd5d9bab6ee66520abf2a2660,
4342e0f5694829ad2dcc39024a6c23946e12ea24ec1b89c68eab9c606ce66817,
4342e0f5694829ad2dcc39024a6c23946e12ea24ec1b89c68eab9c606ce66817,
4342e0f5694829ad2dcc39024a6c23946e12ea24ec1b89c68eab9c606ce66817,
4342e0f5694829ad2dcc39024a6c23946e12ea24ec1b89c68eab9c606ce66817,
01178073125cb46ee74fd7abcf5c389800310d57af81552e68b1c504c54a1de2,
788b3b33d160ad30d28a0690ec860800c55be9482cbb2910d7847cba900791e2,
2e754b89aab9947db40d39e2415df144d49cb48d62143dd3b4bf0e129a238c42,
2e754b89aab9947db40d39e2415df144d49cb48d62143dd3b4bf0e129a238c42,
2e754b89aab9947db40d39e2415df144d49cb48d62143dd3b4bf0e129a238c42,
2e754b89aab9947db40d39e2415df144d49cb48d62143dd3b4bf0e129a238c42,
329108a1e2ce0b475c3162861dbca4d68581ad2d107b3e5ce96c029094ac7155,
fb9e52844142b06f905bc2ccc4cee3b6dbf54a7f93b4565bb93d9526cd057bfc,
7a13ce9f39d3084231e14d27a26208d2a613cdc1b0cfc4a303e1b4b8eac5ff37,
7a13ce9f39d3084231e14d27a26208d2a613cdc1b0cfc4a303e1b4b8eac5ff37,
7a13ce9f39d3084231e14d27a26208d2a613cdc1b0cfc4a303e1b4b8eac5ff37,
0a0372c9e4d2381ee51d7f26c2aa15adebdd335321607feab7b2cc2c7fe8d601,
5660c9dfa43bb1bac6c0d18d1029c4aa95e14057563b5638579d4e2f9c4bc0dc,
5660c9dfa43bb1bac6c0d18d1029c4aa95e14057563b5638579d4e2f9c4bc0dc,
9c4f4918c54f9da74daa293bf37d1486a6d46bbc5d3df7cb78d9c57be45a79af,
a2e32fbb9e91f14cb7f2147d2eef4c2f8f17fe36372c597faa966d3ae04d946b,
a2e32fbb9e91f14cb7f2147d2eef4c2f8f17fe36372c597faa966d3ae04d946b,
a2e32fbb9e91f14cb7f2147d2eef4c2f8f17fe36372c597faa966d3ae04d946b,
a2e32fbb9e91f14cb7f2147d2eef4c2f8f17fe36372c597faa966d3ae04d946b,
a2e32fbb9e91f14cb7f2147d2eef4c2f8f17fe36372c597faa966d3ae04d946b,
adbe390b9f218be543fc0f9b0a937d88ac03a2be78d5495cb55c9df3f4cca7ad,
adbe390b9f218be543fc0f9b0a937d88ac03a2be78d5495cb55c9df3f4cca7ad,
69bc2908c47267ec5a85bf90d5c6c1ed5ab35264a37facf08d14496e24da6e53,
69bc2908c47267ec5a85bf90d5c6c1ed5ab35264a37facf08d14496e24da6e53,
ea78c3d30b0eddf89b713001fe1c035eb4750a1f5731677dcd2b720f2236727c,
d7859bd88366fc4bb6343688c2d82f62890969e18fbffcfb6611b6460df9fd46,
2467a8c7836e9a48df4faaef55fd327cd6f8db76e56835727e81958327d47ca8,
03350a65c437765becadd49e8c7f93f49af702624c9b3129cde64f8426a185a4,
83cfcc2e041b18075ba6f13f9ccb19c6dc0ebe27f8072bf24c29d0e711ac20e4,
83cfcc2e041b18075ba6f13f9ccb19c6dc0ebe27f8072bf24c29d0e711ac20e4,
835ef3624fb761730a7bda1f4a0590d2041b4af06e44c325aaf1aad16e8ee35e,
0da2d7d145dd9531578e679c5f07a2fa8e8d4bd2dddba941f2f1f2de962877d2,
bd56e16b61a656d7d9beac2f02499f075ca5d339098bd6cc69f7a9f1ea53accc,
6ab8dec5e767cb21686cc819ed44eb00d6aef4d110806c03eaebcf99b6350453,
050323e16d23d64d6495b1018fc2049bd1f804f4d821b79a008b2a6063959a39,
c5831bf912f70a3dce1721b90e2fabdecf26f163de2e049a88d38cffccdd4e2a,
b49d58d4ee312aa5c7f193cb9e75d27f6427c007688b5b7428a4ee98a95b0012,
b49d58d4ee312aa5c7f193cb9e75d27f6427c007688b5b7428a4ee98a95b0012,
ace4b2f5e23ec73013b9f731b575683de66baa345b683dc8117318238c9616de,
16d152cdd83d4196c7c2009709bc4272b9a7d430979897221aec4b3286ebfa00,
14048bed54cda41c77bccacc7d7d0ad2456a7a19e437ad211a3d48fac2f5efe5,
a0ea1c9d6f16a5361a7aed2f544c350bb012c8d8311bbebcebd1946c060d50c6,
a0ea1c9d6f16a5361a7aed2f544c350bb012c8d8311bbebcebd1946c060d50c6,
a849b6d4ea5d461706a628fbd41513c6b7f87a1b8ceacb2cc5263db02d8ebcd1,
a849b6d4ea5d461706a628fbd41513c6b7f87a1b8ceacb2cc5263db02d8ebcd1,
d01e6b7eb31efcc5c2c67c8adedf60f5cced43d4b4a2ad2f83a78a43166ad3e6,
050b69d5a486ffab0c273611eb9dc15dc3e12cc8b46f90fbf3429e564551db9e,
704731406b5dad69f8ae7b1e3e90e8be00b949d50025a49b1b7b4723db3f8c36,
20916eef448a76a774092ee2211ec317934bfbe05e84695f1e5aa80478ab0204,
16ba7b73f86f2e0b1b6cedf8dc526c664c1e796c7016f8c63bd99912caadb1ef,
16ba7b73f86f2e0b1b6cedf8dc526c664c1e796c7016f8c63bd99912caadb1ef,
16ba7b73f86f2e0b1b6cedf8dc526c664c1e796c7016f8c63bd99912caadb1ef,
f99385340870e1c18bed0a9d8e02c14c4c0355fde6153d70a23afb72cec44c6a,
f99385340870e1c18bed0a9d8e02c14c4c0355fde6153d70a23afb72cec44c6a,
f99385340870e1c18bed0a9d8e02c14c4c0355fde6153d70a23afb72cec44c6a,
f99385340870e1c18bed0a9d8e02c14c4c0355fde6153d70a23afb72cec44c6a,
54dae57412ee317c35e9df99cfffaa332c28b458cee26b165247864f6555d951,
9132d9fe562531f07d020f694719fd2b03f0a4fb65ce8d9cc15651f5ad2e8da5,
9132d9fe562531f07d020f694719fd2b03f0a4fb65ce8d9cc15651f5ad2e8da5,
9132d9fe562531f07d020f694719fd2b03f0a4fb65ce8d9cc15651f5ad2e8da5,
855eccab0be93d782a5e35ff1233febaae61e4935224f639683561acc8877b72,
ac57d54dcc34f2ebf6f410f6d7fab436eb84f8f6b640782134b3d8062ebf71d0,
ec0a6ccf9debf1c16781445c4b9106080d00478b0559469336db7c7b7b9711c8,
ec0a6ccf9debf1c16781445c4b9106080d00478b0559469336db7c7b7b9711c8,
ec0a6ccf9debf1c16781445c4b9106080d00478b0559469336db7c7b7b9711c8,
51d3e4034ce94468b58cfde46c0cc2eb98c8f3f94bdb2c2c06d50bfedd06f78a,
1cba9cabbdbc56670d8f2c2368e9028c6a00bc5793541871541ca6b3f28c0317,
24a5341c9a6e30357187cbeaebee0a02714ee3b3d6cead951a613e96ffb746dc,
ec0a6ccf9debf1c16781445c4b9106080d00478b0559469336db7c7b7b9711c8,
6c00dce7f3bf2f8f5a590578219b7237f4a2e9743688e67c2056036b8f10685d,
6c00dce7f3bf2f8f5a590578219b7237f4a2e9743688e67c2056036b8f10685d,
6c7c0b195363c1d9167eecaa7846c373f25f130a580b970f348fcae52be98ccc,
6ab977f441d1864ed9f6988f9054bb9cdaac5ca1906e4e231db79cb5283f1387,
2cc0c0e18142f2e2b23722a95cf3b620d85b37847f0c1d27a59f23d46280af1d,
2cc0c0e18142f2e2b23722a95cf3b620d85b37847f0c1d27a59f23d46280af1d,
2cc0c0e18142f2e2b23722a95cf3b620d85b37847f0c1d27a59f23d46280af1d,
236fb79314805a8cc12fd6dafd8fd671c5227b78404e59849241a6c8884cf621,
236fb79314805a8cc12fd6dafd8fd671c5227b78404e59849241a6c8884cf621,
236fb79314805a8cc12fd6dafd8fd671c5227b78404e59849241a6c8884cf621,
965a1dc687d7ed9317ac5332babf99dd50fe27707264f39d9f42540040dcc458,
fd1daf2ab13244bd6eca71b60344a745d0b12520d076e773cb3235b0a0f218b6,
fd1daf2ab13244bd6eca71b60344a745d0b12520d076e773cb3235b0a0f218b6,
24eef1ebe441f7e3193595d60d8fe11a2cd4c64bdec0b1a3aa2e5a43b8f3404c,
28d650b1a111e08c14d6cee9b339e8d744bc5753261cc0b15386857bf5ad3cd6,
28d650b1a111e08c14d6cee9b339e8d744bc5753261cc0b15386857bf5ad3cd6,
d03675027ad8a2abd963faa91a153acb270fe5f445b55dafe4de0a3e522113e3,
d75e6428175cc28ffa79076e0e6ee09832938b9769feec366b0ae31fbe4a227b,
222a0baf6f12cf0ef39b0b2102695f18a6c56081dff1d7e9813095d301e74149,
222a0baf6f12cf0ef39b0b2102695f18a6c56081dff1d7e9813095d301e74149,
222a0baf6f12cf0ef39b0b2102695f18a6c56081dff1d7e9813095d301e74149,
222a0baf6f12cf0ef39b0b2102695f18a6c56081dff1d7e9813095d301e74149,
6cf4ec34b324838472fb90a800fc7618cdce55945c60e0e28045024af4316ab7,
a00593cd446e76f06f23f78a18795de4dcf67ce4f48fbea8ad7723797b500e9f,
ec0a6ccf9debf1c16781445c4b9106080d00478b0559469336db7c7b7b9711c8,
6f5e2cc472d247afe9caf8b0f6a765d70826525e777deb031d6331942675c003,
cd9c9447ad5bbd5b7c1b0694da1c877d2ff10bdf393220a60b7a90366aa6c055,
cd9c9447ad5bbd5b7c1b0694da1c877d2ff10bdf393220a60b7a90366aa6c055,
cd9c9447ad5bbd5b7c1b0694da1c877d2ff10bdf393220a60b7a90366aa6c055,
cd9c9447ad5bbd5b7c1b0694da1c877d2ff10bdf393220a60b7a90366aa6c055,
cd9c9447ad5bbd5b7c1b0694da1c877d2ff10bdf393220a60b7a90366aa6c055,
cd9c9447ad5bbd5b7c1b0694da1c877d2ff10bdf393220a60b7a90366aa6c055,
8ec585754d5c7d9134fa0f3a33e7e721ccba3ac506c6080c5c5cd1b4f0bde795,
8ec585754d5c7d9134fa0f3a33e7e721ccba3ac506c6080c5c5cd1b4f0bde795,
902f59ecfdfdbeefc7b9fe7d88fce91827398ec0bb9a16c22b28710944606785,
902f59ecfdfdbeefc7b9fe7d88fce91827398ec0bb9a16c22b28710944606785,
40455f6df71ebdd6648fff535e83b8b426bb07372eaf0f63134fd066f4a2a210,
51d0e4137899d8ca2aedd158467c3654e6a0f4b03d4f3f762bfb2e11e1301ee7,
4df7bacff8b555823bf549b8324f5424aa7ba2db7988a726a21e7c290ee32de9,
ec0a6ccf9debf1c16781445c4b9106080d00478b0559469336db7c7b7b9711c8,
0944efde2b0b3b58ac6335494da37d198a5fc138ed2bf3ad5cd8dcfbbdd04917,
0944efde2b0b3b58ac6335494da37d198a5fc138ed2bf3ad5cd8dcfbbdd04917,
0944efde2b0b3b58ac6335494da37d198a5fc138ed2bf3ad5cd8dcfbbdd04917,
a767dda9706a53577c2cbcc34f5cf1dfbe1b8ab90949c5d25376b917d618cf2f,
a767dda9706a53577c2cbcc34f5cf1dfbe1b8ab90949c5d25376b917d618cf2f,
4150ed26113676b9eedc97042d032be8fb1943cfb9b4033d937e0b9d523fc503,
4150ed26113676b9eedc97042d032be8fb1943cfb9b4033d937e0b9d523fc503,
27f7ffcb5f2f2333257c7402e8cbb4a805dffc8b2c24593af01375154635ee3e,
45400cb01d106e5ad3305e759e7ec0c32afd17d438d16deb514d2eb8a991fe74,
45400cb01d106e5ad3305e759e7ec0c32afd17d438d16deb514d2eb8a991fe74,
9ff27f2a5b1492cd6f163485553092a3c64d0fda32605fc50eb2024c8dd3c4c1,
9ff27f2a5b1492cd6f163485553092a3c64d0fda32605fc50eb2024c8dd3c4c1,
9ff27f2a5b1492cd6f163485553092a3c64d0fda32605fc50eb2024c8dd3c4c1,
3d7ff7218af9008cc52900c37cedaafdbba412e549f292ffe4dc84eaac8075eb,
c23ff5b7bb93e01134ad310bb3305df78dd4abadb1f261016f176665714693fd,
c23ff5b7bb93e01134ad310bb3305df78dd4abadb1f261016f176665714693fd,
c23ff5b7bb93e01134ad310bb3305df78dd4abadb1f261016f176665714693fd,
c23ff5b7bb93e01134ad310bb3305df78dd4abadb1f261016f176665714693fd,
c23ff5b7bb93e01134ad310bb3305df78dd4abadb1f261016f176665714693fd,
c23ff5b7bb93e01134ad310bb3305df78dd4abadb1f261016f176665714693fd,
34de2f33d565fdf606d9c0d7f8d854fae79af20056b0195444e02e94f8204764,
888087b015fb92d1bceee466a31b9d50728ceef49297b125a0813d060052bde4,
888087b015fb92d1bceee466a31b9d50728ceef49297b125a0813d060052bde4,
888087b015fb92d1bceee466a31b9d50728ceef49297b125a0813d060052bde4,
888087b015fb92d1bceee466a31b9d50728ceef49297b125a0813d060052bde4,
9429c660aacbc7325575d42f5f65427d06b5fd9cb0ec62b63cb1890e8e6f5c27,
9429c660aacbc7325575d42f5f65427d06b5fd9cb0ec62b63cb1890e8e6f5c27,
2784c8756785cdbdbdaeca93ccb0e4ab5f14ffc8138710c41b3b60f5f62c1a45,
aa41b9175ff8b0a4d5abf80cd85a21983852289c90ecf9a042a75bf920603d0a,
5b486fef9674939eef2d921b318cf0d6e8c893283aa96f45356dca930253e8e0,
5b486fef9674939eef2d921b318cf0d6e8c893283aa96f45356dca930253e8e0,
5b486fef9674939eef2d921b318cf0d6e8c893283aa96f45356dca930253e8e0,
5b486fef9674939eef2d921b318cf0d6e8c893283aa96f45356dca930253e8e0,
1d5eccd3fca563c66cc5017bd3792f67b7eacb5b2c42161923843445d3f67787,
302a6369b4beb4544fa9001c878518c60c964706e40c0faab45b9c95e962b2e5,
b40c382d5d0b57b447d342d8c4768fcfdf7479dc411519267a23c8a4b51ccbf8,
e1abacf6498f4c3689b164b2e5d9947903ad0e3c2945d9bdfce85cc186e61f97,
d0188f3315a17223191b0563508be4c43ea55871bef6324b8bf0cc7c0fe53c26,
961780b93bb8d68d7fb9f905709e71ea57cdc6bad73dfe48285abfc16c7c565c,
59e38dadb25f42fc09927d55b6e310cc8cb1d93df3a709ecb47d77e0cbe5c397,
472846719787fac17633b8b784b29bfe234307204ce8a8d47d82fffd8bd594a6,
da1bd9e741a2b188f4ea42152d8c4bbb12266b14fc317f05ef9fa656d2932ca9,
ec0a6ccf9debf1c16781445c4b9106080d00478b0559469336db7c7b7b9711c8,
ec0a6ccf9debf1c16781445c4b9106080d00478b0559469336db7c7b7b9711c8,
ec0a6ccf9debf1c16781445c4b9106080d00478b0559469336db7c7b7b9711c8,
ec0a6ccf9debf1c16781445c4b9106080d00478b0559469336db7c7b7b9711c8,
ec0a6ccf9debf1c16781445c4b9106080d00478b0559469336db7c7b7b9711c8,
ec0a6ccf9debf1c16781445c4b9106080d00478b0559469336db7c7b7b9711c8,
ec0a6ccf9debf1c16781445c4b9106080d00478b0559469336db7c7b7b9711c8,
2cb0b8b3f1e7d4149503477a4fd10ed45e6c4973fbafe1b8f9bbb3c6a82d3dbb,
2cb0b8b3f1e7d4149503477a4fd10ed45e6c4973fbafe1b8f9bbb3c6a82d3dbb,
2cb0b8b3f1e7d4149503477a4fd10ed45e6c4973fbafe1b8f9bbb3c6a82d3dbb,
ac57d54dcc34f2ebf6f410f6d7fab436eb84f8f6b640782134b3d8062ebf71d0,
926248e52d1fa532c317e37da24ed652ae64110f8219cb5e061668bd3091f048,
926248e52d1fa532c317e37da24ed652ae64110f8219cb5e061668bd3091f048,
5c56726d6290d14d3ebd852bb25d562579cb8640421a6c3e16d6656d23cc9f09,
495d2c98b78c0a9e9e6883078c680e16338ebc4aa1ae53200413667d22c40cc6,
926248e52d1fa532c317e37da24ed652ae64110f8219cb5e061668bd3091f048,
4430910a2894056b87fac195c6a2cdd6b14bd5b76c47c6d5331d33fceed9fd25,
926248e52d1fa532c317e37da24ed652ae64110f8219cb5e061668bd3091f048,
e9b971ac83b46d77f89fa8c575dfc8e5ed6a4b1becef9c9c66eb85abb8d0d7a1,
b2466d733e3c30a6b5ca2586b9b0b0e310aa6e983cca1755fa1ec8dd8009824f,
926248e52d1fa532c317e37da24ed652ae64110f8219cb5e061668bd3091f048,
06fae24ec20da747a95052c85d8085159474d484fb5786e96809149805c93b28,
4e2521235f4139d9c7e5885834d4d8d628e55930145e93ee2a8069a3e80cc364,
4e2521235f4139d9c7e5885834d4d8d628e55930145e93ee2a8069a3e80cc364,
ec8ecbf82d194257ff5025b73248dbd639323f400c20a68ae526498907dd529f,
393176c0cbd1c03d69d4e2318bb5ea2d21357f647f7c60eacac8a0a76468215d,
2912c5dc7f33a9be62cdd98b1388cdb617fcd98e7dec302697e506b6bbf8aa81,
c5155f598c6289fd761808a332b59bbfddffadb22f982311fcb2df804f40ac1d,
c74096d8965001c6b0b97520a89e9c17beabe241fa529c2590264677a95045dd,
c74096d8965001c6b0b97520a89e9c17beabe241fa529c2590264677a95045dd,
1b60e36718f04544dbfadedcb017810e92a07920f387ccaaf26fdd07f529c976,
a6e17f336508feec00ee793d9deff972369ad2e5dc8fa3b8a6530093ecc491ac,
a6be2697ba051c9dd450a88561f25c5be77392c6468e79c75e21dc0bf858e99d,
a68253fc50024544bd28d339bf40272bfc76ee036e0cfc4c94fad37ced17e55c,
a68253fc50024544bd28d339bf40272bfc76ee036e0cfc4c94fad37ced17e55c,
e9d474cc66382ea8e79e248784ee1ef7a75bbd9739f5c8bcfed1653b741295d7,
e9d474cc66382ea8e79e248784ee1ef7a75bbd9739f5c8bcfed1653b741295d7,
5634ba7aab9d34a3fdabad097e2eb213072890aed41b94577340eee416fe991e,
9ab934cc6822f337bf6a9deaab116dc513c5efa2d983c22c5bb6eb6d1f2a82ff,
9ab934cc6822f337bf6a9deaab116dc513c5efa2d983c22c5bb6eb6d1f2a82ff,
ac2aab5dbe8c7bfd3f90c5e13249acb102bfd0ce4c0157102c8095b67329bf4c,
5f2aa336e404f986748a96e01004430d96a01ff094aaa93b8726c290e89b9ab9,
5f2aa336e404f986748a96e01004430d96a01ff094aaa93b8726c290e89b9ab9,
26f515502501cfd926f694cdabf9cc787a6cb32866104602b2166dee5d9ee35c,
26f515502501cfd926f694cdabf9cc787a6cb32866104602b2166dee5d9ee35c,
cc976f3dfbf8f2c3a3ab3d8859ace71ce6548064dcfa9de3752ab6ea649f69ed,
112bda3b495d867b6a98c899fac7c25eb60ca4b6e6fe5ec7ab9299f93e8274bc,
112bda3b495d867b6a98c899fac7c25eb60ca4b6e6fe5ec7ab9299f93e8274bc,
c9543f42f73576d36ebdd715973367520202c3927176efb52a29b84d77feb83a,
c9543f42f73576d36ebdd715973367520202c3927176efb52a29b84d77feb83a,
ee17a48010136f18e835c579101be7a754e6e3be13f7f8af68d525de1f7e11a7,
001b5a80d9f65994fd0dd41d464cd45f531bb5e3502e782bfa4a64df57452013,
926248e52d1fa532c317e37da24ed652ae64110f8219cb5e061668bd3091f048,
23cbb8164dd4f01143a87f04a77904e03211b8ae88f7f2e0c596c34978730d11,
23cbb8164dd4f01143a87f04a77904e03211b8ae88f7f2e0c596c34978730d11,
23cbb8164dd4f01143a87f04a77904e03211b8ae88f7f2e0c596c34978730d11,
8a329cf421095d28ac1799ea95a9e9b03ec3ceb2e6ac8061f748570e11b38322,
b2db83f7bc901476d6cadd03c1e44f475601c2b18a991a56f5237db3c3e525ec,
e543b986dd7e04341c1454b5d7c241dfe3ec7aaa8691097783443088f304e04d,
8e58ab2c7f86664e955b365d93a0e00abfdc12b3a9ffd2c031e3105c912f668a,
b5bd275f759f0f5c03260a397d4afb02727594d939a599cbc8b8f1451d1515a5,
d2961208fbb7d241aba69c381218284d7fcc2a85b36da7d19b53c6cfe2d9b6b9,
2032011063d4701ba13b0aabf775ee0b4f4cc98c6872f06bca81f8f33ca2d527,
2a197b5ce30a17600b90b55544eb71838dbc3a309c73459f3ca1d74c502b0845,
2a197b5ce30a17600b90b55544eb71838dbc3a309c73459f3ca1d74c502b0845,
2a197b5ce30a17600b90b55544eb71838dbc3a309c73459f3ca1d74c502b0845,
010e75acca875f4cdd6aa15785d1d2e96835def191a337735653d7bca5ad5d5d,
c720457907a804e13f1329b7a1e11fb1590793642fc569c12addfc27c83922dd,
c720457907a804e13f1329b7a1e11fb1590793642fc569c12addfc27c83922dd,
52d640f365b8e41e0d2660c941851d8cc1358b4932e1de97ff7478bdc75ce9d4,
52d640f365b8e41e0d2660c941851d8cc1358b4932e1de97ff7478bdc75ce9d4,
52d640f365b8e41e0d2660c941851d8cc1358b4932e1de97ff7478bdc75ce9d4,
926248e52d1fa532c317e37da24ed652ae64110f8219cb5e061668bd3091f048,
24a5697e117ff9330e89badce6fec613087564c1767080f0a84132bdcbb8c804,
9a382036625373bd04bc8661f446dd9697157f81df2837f57d972566675bf81f,
f608bd9f555109dc84f655079eefb0c867b9998efa263a522305b276f434a23d,
410b0b85f604bb38ff794d8522fff2d702a82e43254e9f728077bdb66348f33c,
cf83864bf86e7165ee8c8c21381806508044a954fa314c107d5553dd9af92c1f,
cf83864bf86e7165ee8c8c21381806508044a954fa314c107d5553dd9af92c1f,
cf83864bf86e7165ee8c8c21381806508044a954fa314c107d5553dd9af92c1f,
2137b3178b95396b81a5b5b40b2d8b745e8969e7f217339f92bb4040e182f53b,
fddd38c8a6c3cd66c646fbdb792a710b313d587cf2e873e674f03dfa42f9d9b5,
7ad16d9f0c2193ebb14200334d2d6b3d043f097ed5fc0ef29bcc76ad75128d25,
9e2716ec4f5b0432ea8799126d3e5ecbfc87cc97f448397a4cc6bb2bc18b8321,
2c744515d5e0c67a569f9639ba1b35f097101aa0a470d77e74de705a1cf90784,
96b9e11f6faffc14a73236c30b32a3e01393bf5a5fe84dc8419e8143fb5d4fae,
96b9e11f6faffc14a73236c30b32a3e01393bf5a5fe84dc8419e8143fb5d4fae,
0db398d6225d4edbae8f6350757d3a18afe9c3da3c8197bb139c5b2e49b0932c,
ed6d2055d16622aeeccda2e07d042a663699ff491c96ce06e90b695f75913f1f,
926248e52d1fa532c317e37da24ed652ae64110f8219cb5e061668bd3091f048,
31b6eb2150de4937352c1ddee1483788bab46a8bd95929aed383baec66c86bca,
31b6eb2150de4937352c1ddee1483788bab46a8bd95929aed383baec66c86bca,
cd9fcfa1a8c82ca6fec288ffe7aec162a7e6af0ea3233a964b3f9c676d83def4,
f94f90d28da5c0401bdc082e0488cae950c8876f33fe32bed06152a8d86e83bf,
f94f90d28da5c0401bdc082e0488cae950c8876f33fe32bed06152a8d86e83bf,
0896729b3ab2b276c9df47e9218457fde9c8637b8c308f1613180ed60779b92a,
2c90204870dad4536efd4b68aa0eb3538fa5ceaa0220e5321e3144491e7c356c,
4b8fa6c5e5b62e20df622c5666bb979afde2a7760cee15fb7241105a4d9fab46,
4b8fa6c5e5b62e20df622c5666bb979afde2a7760cee15fb7241105a4d9fab46,
11b10afe62d938e75ad4244c1fd00aff5d73b60a55593af353ec40e3820fb4b7,
115d79601f261dd45cf9bfe9672b322d9e4560cc9a869a6614ee12294383d56c,
115d79601f261dd45cf9bfe9672b322d9e4560cc9a869a6614ee12294383d56c,
414b1b0336be18545c6e3ac831f09219f68a4519abcb3038bba9bee618f51b79,
414b1b0336be18545c6e3ac831f09219f68a4519abcb3038bba9bee618f51b79,
280020583511b8fb53b5bb964d3fc4180c0bc8e54f11b1168acdf5b4ca0b6a7b,
6dfb91c47bf29b5cfa993438b36a654e8e171b757aea03c87da1527f6b07aedd,
280020583511b8fb53b5bb964d3fc4180c0bc8e54f11b1168acdf5b4ca0b6a7b,
280020583511b8fb53b5bb964d3fc4180c0bc8e54f11b1168acdf5b4ca0b6a7b,
8e2a8bd996c29b99c909664ee51eb5ee3b2358306a4269d5b69dd99075e6dd85,
8e2a8bd996c29b99c909664ee51eb5ee3b2358306a4269d5b69dd99075e6dd85,
